{
  "name": "json-magic-nuxt",
  "short_name": "json-magic-nuxt",
  "description": "# JSON Magic",
  "icons": [
    {
      "src": "/json-magic/_nuxt/icons/icon_64x64.5df234.png",
      "sizes": "64x64",
      "type": "image/png",
      "purpose": "any maskable"
    },
    {
      "src": "/json-magic/_nuxt/icons/icon_120x120.5df234.png",
      "sizes": "120x120",
      "type": "image/png",
      "purpose": "any maskable"
    },
    {
      "src": "/json-magic/_nuxt/icons/icon_144x144.5df234.png",
      "sizes": "144x144",
      "type": "image/png",
      "purpose": "any maskable"
    },
    {
      "src": "/json-magic/_nuxt/icons/icon_152x152.5df234.png",
      "sizes": "152x152",
      "type": "image/png",
      "purpose": "any maskable"
    },
    {
      "src": "/json-magic/_nuxt/icons/icon_192x192.5df234.png",
      "sizes": "192x192",
      "type": "image/png",
      "purpose": "any maskable"
    },
    {
      "src": "/json-magic/_nuxt/icons/icon_384x384.5df234.png",
      "sizes": "384x384",
      "type": "image/png",
      "purpose": "any maskable"
    },
    {
      "src": "/json-magic/_nuxt/icons/icon_512x512.5df234.png",
      "sizes": "512x512",
      "type": "image/png",
      "purpose": "any maskable"
    }
  ],
  "start_url": "/json-magic/?standalone=true",
  "display": "standalone",
  "background_color": "#ffffff",
  "theme_color": "black",
  "lang": "en"
}