[
    {
        "FirstName": "Fred",
        "Surname": "Smith",
        "Age": 28,
        "Address": {
            "Street": "Hursley Park",
            "City": "Winchester",
            "Postcode": "SO21 2JN"
        },
        "Phone": [
            {
                "type": "home",
                "number": "0203 544 1234"
            },
            {
                "type": "office",
                "number": "01962 001234"
            },
            {
                "type": "office",
                "number": "01962 001235"
            },
            {
                "type": "mobile",
                "number": "077 7700 1234"
            }
        ],
        "Email": [
            {
                "type": "work",
                "address": [
                    "fred.smith@my-work.com",
                    "fsmith@my-work.com"
                ]
            },
            {
                "type": "home",
                "address": [
                    "freddy@my-social.com",
                    "frederic.smith@very-serious.com"
                ]
            }
        ],
        "Other": {
            "Over 18 ?": true,
            "Misc": null,
            "Alternative.Address": {
                "Street": "Brick Lane",
                "City": "London",
                "Postcode": "E1 6RF"
            }
        }
    },
    {
        "FirstName": "Miles",
        "Surname": "Meraki",
        "Age": 28,
        "Address": {
            "Street": "123 Unicorn Ave",
            "City": "Cloud City",
            "Postcode": "99991"
        },
        "Phone": [
            {
                "type": "home",
                "number": "123 345 345"
            },
            {
                "type": "office",
                "number": "3234 123123"
            },
            {
                "type": "office",
                "number": "23423 234324"
            },
            {
                "type": "mobile",
                "number": "111 23442 123234"
            }
        ],
        "Email": [
            {
                "type": "work",
                "address": [
                    "miles.meraki@magical.com",
                    "mmiles@magical.net"
                ]
            },
            {
                "type": "home",
                "address": [
                    "eenhorn@compushare.com",
                    "numberOneHorn@very-serious.com"
                ]
            }
        ],
        "Other": {
            "Over 18 ?": true,
            "Misc": null,
            "Alternative.Address": {
                "Street": "Brick Lane",
                "City": "London",
                "Postcode": "E1 6RF"
            }
        }
    }
]